gocd-agent-scripts,2016-07-05,0.001389,elian-stuart
gocd-agent-scripts,2016-06-16,0.001111,elian-stuart
gocd-agent-scripts,2016-06-09,0.001667,carlos-lester
gocd-agent-scripts,2016-06-08,0.001944,justus-shelton
gocd-agent-scripts,2016-06-06,2.461667,justus-shelton
gocd-agent-scripts,2016-06-03,112.254722,elian-stuart
gocd-agent-scripts,2016-06-03,63.159444,justus-shelton
gocd-agent-scripts,2016-05-25,173.301667,elian-stuart
gocd-agent-scripts,2016-05-16,1.481389,elian-stuart
gocd-agent-scripts,2016-05-10,143.593056,elian-stuart
gocd-agent-scripts,2016-11-29,0.001389,selah-dunlap
gocd-agent-scripts,2016-11-28,17.200833,selah-dunlap
gocd-agent-scripts,2016-11-28,0.038056,lyric-woodward
gocd-agent-scripts,2016-11-25,0.003333,selah-dunlap
gocd-agent-scripts,2016-11-25,64.775556,vicente-cunningham
gocd-agent-scripts,2016-11-25,0.009722,selah-dunlap
gocd-agent-scripts,2016-11-25,0.605278,vicente-cunningham
gocd-agent-scripts,2016-11-25,0.027222,selah-dunlap
gocd-agent-scripts,2016-11-25,0.094722,vicente-cunningham
gocd-agent-scripts,2016-11-25,0.633889,selah-dunlap
gocd-agent-scripts,2017-01-31,0.019167,sonia-booth
gocd-agent-scripts,2017-01-30,0.001389,selah-dunlap
gocd-agent-scripts,2017-01-20,0.764167,alec-camacho
gocd-agent-scripts,2017-01-19,0.015000,alec-camacho
gocd-agent-scripts,2017-01-19,1.465000,vicente-cunningham
gocd-agent-scripts,2017-01-19,0.165278,alec-camacho
gocd-agent-scripts,2017-01-19,3.197500,alec-camacho
gocd-agent-scripts,2016-12-20,0.001389,lyric-woodward
gocd-agent-scripts,2016-12-20,0.006389,lyric-woodward
gocd-agent-scripts,2016-11-30,0.093056,selah-dunlap
gocd-agent-scripts,2016-04-30,0.001389,carlos-lester
gocd-agent-scripts,2016-04-29,0.578056,carlos-lester
gocd-agent-scripts,2016-04-28,0.015556,carlos-lester
gocd-agent-scripts,2016-04-28,0.001111,elian-stuart
gocd-agent-scripts,2016-04-28,0.001111,carlos-lester
gocd-agent-scripts,2016-04-25,16.523611,elian-stuart
gocd-agent-scripts,2016-04-25,0.001111,maxwell-thompson
gocd-agent-scripts,2016-04-22,133.323056,carlos-lester
gocd-agent-scripts,2016-04-21,94.597500,elian-stuart
gocd-agent-scripts,2016-03-22,0.003889,justus-shelton
gocd-agent-scripts,2016-11-24,0.029444,vicente-cunningham
gocd-agent-scripts,2016-11-24,0.122778,vicente-cunningham
gocd-agent-scripts,2016-11-17,2.513611,vicente-cunningham
gocd-agent-scripts,2016-11-09,0.048333,carlos-lester
gocd-agent-scripts,2016-11-09,49.220278,vicente-cunningham
gocd-agent-scripts,2016-11-08,0.001389,justus-shelton
gocd-agent-scripts,2016-11-08,0.005000,vicente-cunningham
gocd-agent-scripts,2016-11-03,0.008889,vicente-cunningham
gocd-agent-scripts,2016-10-31,0.001111,carlos-lester
gocd-agent-scripts,2016-10-30,0.001389,carlos-lester
gocd-agent-scripts,2017-02-17,0.005000,vicente-cunningham
gocd-agent-scripts,2017-02-16,0.009167,vicente-cunningham
gocd-agent-scripts,2017-02-13,0.645000,lyric-woodward
gocd-agent-scripts,2017-02-10,68.025833,harrison-campos
gocd-agent-scripts,2017-02-07,0.036389,fiona-hoffman
gocd-agent-scripts,2017-02-02,0.038611,fiona-hoffman
gocd-agent-scripts,2017-02-01,0.005833,selah-dunlap
gocd-agent-scripts,2017-02-01,0.002500,harrison-campos
gocd-agent-scripts,2017-02-01,0.001667,selah-dunlap
gocd-agent-scripts,2017-02-01,123.168611,carlos-lester
gocd-agent-scripts,2015-12-15,0.002500,carlos-lester
gocd-agent-scripts,2015-12-15,23.505556,carlos-lester
gocd-agent-scripts,2015-12-15,0.056944,selah-dunlap
gocd-agent-scripts,2015-12-15,0.061389,carlos-lester
gocd-agent-scripts,2015-12-15,0.002778,selah-dunlap
gocd-agent-scripts,2015-12-15,0.089444,selah-dunlap
gocd-agent-scripts,2015-12-15,0.099444,selah-dunlap
gocd-agent-scripts,2015-12-15,0.039722,leila-lewis
gocd-agent-scripts,2015-12-14,5.493333,selah-dunlap
gocd-agent-scripts,2015-12-04,0.328611,leila-lewis
gocd-agent-scripts,2016-01-20,0.943056,selah-dunlap
gocd-agent-scripts,2016-01-18,0.661667,selah-dunlap
gocd-agent-scripts,2016-01-06,0.007778,selah-dunlap
gocd-agent-scripts,2016-01-05,0.028056,selah-dunlap
gocd-agent-scripts,2016-01-05,0.269167,selah-dunlap
gocd-agent-scripts,2015-12-29,0.162500,justus-shelton
gocd-agent-scripts,2015-12-24,94.267222,justus-shelton
gocd-agent-scripts,2015-12-21,0.022222,selah-dunlap
gocd-agent-scripts,2015-12-16,0.422500,carlos-lester
gocd-agent-scripts,2015-12-16,0.001111,carlos-lester
gocd-agent-scripts,2016-10-29,0.002778,carlos-lester
gocd-agent-scripts,2016-10-21,0.063611,campbell-tanner
gocd-agent-scripts,2016-10-05,2.428056,taniya-sweeney
gocd-agent-scripts,2016-09-08,16.064444,harrison-campos
gocd-agent-scripts,2016-09-08,0.013056,selah-dunlap
gocd-agent-scripts,2016-08-18,2373.325556,elian-stuart
gocd-agent-scripts,2016-08-16,1.372500,elian-stuart
gocd-agent-scripts,2016-08-11,0.001389,elian-stuart
gocd-agent-scripts,2016-07-18,0.001389,carlos-lester
gocd-agent-scripts,2016-07-06,0.550833,elian-stuart
gocd-agent-scripts,2016-03-09,0.002500,justus-shelton
gocd-agent-scripts,2016-02-23,0.018333,hailee-rowe
gocd-agent-scripts,2016-02-22,16.559444,hailee-rowe
gocd-agent-scripts,2016-02-18,19.033611,hailee-rowe
gocd-agent-scripts,2016-01-22,0.006389,selah-dunlap
gocd-agent-scripts,2016-01-21,0.003611,selah-dunlap
gocd-agent-scripts,2016-01-21,0.012500,selah-dunlap
gocd-agent-scripts,2016-01-21,0.116667,selah-dunlap
gocd-agent-scripts,2016-01-20,0.003889,selah-dunlap
gocd-agent-scripts,2016-01-20,0.003611,selah-dunlap
gocd-agent-scripts,2015-10-12,16.273611,maximus-brady
gocd-agent-scripts,2015-09-08,0.000556,carlos-lester
gocd-agent-scripts,2015-08-28,0.232778,carlos-lester
gocd-agent-scripts,2015-08-11,0.276389,carlos-lester
gocd-agent-scripts,2015-02-16,40.292778,carlos-lester
gocd-agent-scripts,2015-02-10,0.002222,carlos-lester
gocd-agent-scripts,2015-02-10,0.001111,carlos-lester
gocd-agent-scripts,2015-02-03,3.763333,carlos-lester
gocd-agent-scripts,2015-12-03,0.001111,carlos-lester
gocd-agent-scripts,2015-12-02,0.013889,justus-shelton
gocd-agent-scripts,2015-12-01,0.038056,selah-dunlap
gocd-agent-scripts,2015-12-01,0.518056,selah-dunlap
gocd-agent-scripts,2015-11-27,0.016667,leila-lewis
gocd-agent-scripts,2015-11-24,0.023333,carlos-lester
gocd-agent-scripts,2015-11-17,16.192222,carlos-lester
gocd-agent-scripts,2015-10-19,0.001111,carlos-lester
gocd-agent-scripts,2015-10-14,0.003333,carlos-lester
gocd-agent-scripts,2015-10-13,0.840000,maximus-brady
gocd-configuration,2017-02-10,0.021111,selah-dunlap
gocd-configuration,2017-02-10,1.108333,lyric-woodward
gocd-configuration,2017-02-09,0.015278,harrison-campos
gocd-configuration,2017-02-09,0.014167,harrison-campos
gocd-configuration,2017-02-09,0.117222,vicente-cunningham
gocd-configuration,2017-02-09,27.868056,antoine-daniels
gocd-configuration,2017-02-08,40.732500,alexandria-parks
gocd-configuration,2017-02-08,25.005556,antoine-daniels
gocd-configuration,2017-02-08,44.317778,lyric-woodward
gocd-configuration,2017-02-08,3.659444,alec-camacho
gocd-configuration,2017-01-23,0.597500,kolton-raymond
gocd-configuration,2017-01-23,0.693889,parker-hatfield
gocd-configuration,2017-01-23,21.164444,carson-day
gocd-configuration,2017-01-23,0.707500,parker-hatfield
gocd-configuration,2017-01-20,63.966389,carlos-lester
gocd-configuration,2017-01-20,2.915000,alec-camacho
gocd-configuration,2017-01-20,3.944167,carson-day
gocd-configuration,2017-01-19,1.484722,vicente-cunningham
gocd-configuration,2017-01-19,0.044722,alec-camacho
gocd-configuration,2017-01-19,0.349167,alec-camacho
gocd-configuration,2015-12-01,1.567778,justus-shelton
gocd-configuration,2015-12-01,0.190556,maximus-brady
gocd-configuration,2015-12-01,4.994167,sonia-booth
gocd-configuration,2015-11-27,0.026389,sonia-booth
gocd-configuration,2015-11-27,0.712778,sonia-booth
gocd-configuration,2015-11-27,0.029722,sonia-booth
gocd-configuration,2015-11-27,0.071111,sonia-booth
gocd-configuration,2015-11-27,1.061389,sonia-booth
gocd-configuration,2015-11-25,1.609722,sonia-booth
gocd-configuration,2015-11-24,0.053333,leila-lewis
gocd-configuration,2016-10-05,2.330278,taniya-sweeney
gocd-configuration,2016-10-03,1.728056,dashawn-miller
gocd-configuration,2016-09-30,65.539444,dashawn-miller
gocd-configuration,2016-09-30,0.064167,dashawn-miller
gocd-configuration,2016-09-29,15.937500,dashawn-miller
gocd-configuration,2016-09-29,0.020833,ryan-lin
gocd-configuration,2016-09-28,17.617222,ryan-lin
gocd-configuration,2016-09-22,0.306389,dashawn-miller
gocd-configuration,2016-09-08,16.093333,harrison-campos
gocd-configuration,2016-09-08,0.019722,selah-dunlap
gocd-configuration,2016-07-27,0.166389,dashawn-miller
gocd-configuration,2016-07-22,3005.466111,destinee-monroe
gocd-configuration,2016-07-21,2.479722,alec-camacho
gocd-configuration,2016-07-20,0.018056,sonia-booth
gocd-configuration,2016-07-20,18.335833,sonia-booth
gocd-configuration,2016-07-20,0.609722,sonia-booth
gocd-configuration,2016-07-20,0.336667,sonia-booth
gocd-configuration,2016-07-18,0.001944,maxwell-thompson
gocd-configuration,2016-07-18,0.154722,carlos-lester
gocd-configuration,2016-07-15,90.883611,harrison-campos
gocd-configuration,2015-05-19,0.002222,carlos-lester
gocd-configuration,2015-05-18,0.194722,alena-blankenship
gocd-configuration,2015-05-18,3.178889,alena-blankenship
gocd-configuration,2015-05-15,0.008333,alena-blankenship
gocd-configuration,2015-05-15,0.013333,alena-blankenship
gocd-configuration,2015-05-15,0.025000,alena-blankenship
gocd-configuration,2015-05-13,22.300833,alena-blankenship
gocd-configuration,2015-05-13,214.300833,carlos-lester
gocd-configuration,2015-05-06,0.389722,alena-blankenship
gocd-configuration,2015-04-23,0.001111,carlos-lester
gocd-configuration,2016-04-01,4.815278,elian-stuart
gocd-configuration,2016-04-01,0.017222,keagan-bonilla
gocd-configuration,2016-03-31,16.675000,keagan-bonilla
gocd-configuration,2016-03-30,0.068333,maxwell-thompson
gocd-configuration,2016-03-24,0.001389,carlos-lester
gocd-configuration,2016-03-22,0.000833,justus-shelton
gocd-configuration,2016-03-22,0.001111,carlos-lester
gocd-configuration,2016-03-22,0.000556,carlos-lester
gocd-configuration,2016-03-21,0.114444,carlos-lester
gocd-configuration,2016-03-21,0.757778,ann-espinoza
gocd-configuration,2016-12-20,0.079167,sonia-booth
gocd-configuration,2016-12-20,0.007500,lyric-woodward
gocd-configuration,2016-12-20,0.116667,sonia-booth
gocd-configuration,2016-12-19,18.445278,catherine-moreno
gocd-configuration,2016-12-19,25.070278,sonia-booth
gocd-configuration,2016-12-16,95.322778,delilah-pineda
gocd-configuration,2016-12-15,120.331389,lyric-woodward
gocd-configuration,2016-12-15,102.455833,sonia-booth
gocd-configuration,2016-12-13,0.007500,justus-shelton
gocd-configuration,2016-12-13,0.008611,justus-shelton
gocd-configuration,2015-08-26,1.186389,alena-blankenship
gocd-configuration,2015-08-24,24.307778,dashawn-miller
gocd-configuration,2015-08-19,0.012778,johanna-benson
gocd-configuration,2015-08-18,14.621389,rylie-krueger
gocd-configuration,2015-08-18,0.537500,irvin-solis
gocd-configuration,2015-08-18,0.365000,irvin-solis
gocd-configuration,2015-08-18,4.451389,lea-mccarthy
gocd-configuration,2015-08-17,0.031111,aydan-shepard
gocd-configuration,2015-08-17,0.001389,carlos-lester
gocd-configuration,2015-08-11,0.403333,carlos-lester
gocd-configuration,2017-01-25,0.783056,kolton-raymond
gocd-configuration,2017-01-25,0.057222,fiona-hoffman
gocd-configuration,2017-01-24,18.937222,selah-dunlap
gocd-configuration,2017-01-24,0.007500,lyric-woodward
gocd-configuration,2017-01-24,0.008333,parker-hatfield
gocd-configuration,2017-01-24,0.406667,carlos-lester
gocd-configuration,2017-01-23,0.013056,vicente-cunningham
gocd-configuration,2017-01-23,0.249722,parker-hatfield
gocd-configuration,2017-01-23,0.013611,selah-dunlap
gocd-configuration,2017-01-23,0.006389,kolton-raymond
gocd-configuration,2016-11-04,0.003333,vicente-cunningham
gocd-configuration,2016-11-03,0.006389,vicente-cunningham
gocd-configuration,2016-11-03,0.003056,vicente-cunningham
gocd-configuration,2016-11-03,0.003333,vicente-cunningham
gocd-configuration,2016-11-03,0.005278,vicente-cunningham
gocd-configuration,2016-11-03,173.272778,josiah-quinn
gocd-configuration,2016-10-31,0.001667,carlos-lester
gocd-configuration,2016-10-31,0.727222,elliana-bowman
gocd-configuration,2016-10-30,0.001111,carlos-lester
gocd-configuration,2016-10-29,0.001667,carlos-lester
gocd-configuration,2016-05-23,0.000833,justus-shelton
gocd-configuration,2016-05-18,0.013056,selah-dunlap
gocd-configuration,2016-05-13,0.001111,carlos-lester
gocd-configuration,2016-05-13,0.001389,selah-dunlap
gocd-configuration,2016-05-13,0.605278,carlos-lester
gocd-configuration,2016-05-12,15.430556,elian-stuart
gocd-configuration,2016-05-12,2.114722,maximus-brady
gocd-configuration,2016-05-11,0.013056,selah-dunlap
gocd-configuration,2016-04-28,0.611389,keagan-bonilla
gocd-configuration,2016-04-28,0.001667,carlos-lester
gocd-configuration,2016-11-24,5.908333,lyric-woodward
gocd-configuration,2016-11-23,0.007222,vicente-cunningham
gocd-configuration,2016-11-19,0.006389,carlos-lester
gocd-configuration,2016-11-16,45.155000,sonia-booth
gocd-configuration,2016-11-14,2.272778,sonia-booth
gocd-configuration,2016-11-07,0.003889,vicente-cunningham
gocd-configuration,2016-11-04,94.568056,carlos-lester
gocd-configuration,2016-11-04,0.051667,carlos-lester
gocd-configuration,2016-11-04,0.061389,carlos-lester
gocd-configuration,2016-11-04,0.005278,vicente-cunningham
gocd-configuration,2017-02-17,0.034444,vicente-cunningham
gocd-configuration,2017-02-17,0.152222,vicente-cunningham
gocd-configuration,2017-02-16,0.006111,vicente-cunningham
gocd-configuration,2017-02-16,0.010278,lyric-woodward
gocd-configuration,2017-02-16,0.006944,vicente-cunningham
gocd-configuration,2017-02-16,0.838611,dax-austin
gocd-configuration,2017-02-16,0.013611,vicente-cunningham
gocd-configuration,2017-02-15,0.005556,vicente-cunningham
gocd-configuration,2017-02-15,0.088333,lyric-woodward
gocd-configuration,2017-02-15,0.001111,lyric-woodward
gocd-configuration,2015-02-10,64.752778,carlos-lester
gocd-configuration,2015-02-10,0.236667,carlos-lester
gocd-configuration,2015-02-10,0.001111,carlos-lester
gocd-configuration,2015-02-10,0.001389,carlos-lester
gocd-configuration,2015-02-02,123.141111,carlos-lester
gocd-configuration,2015-01-30,0.018333,carlos-lester
gocd-configuration,2015-01-22,0.619167,carlos-lester
gocd-configuration,2014-12-17,0.154722,carlos-lester
gocd-configuration,2014-12-16,0.301389,carlos-lester
gocd-configuration,2014-12-15,26.843611,carlos-lester
gocd-configuration,2016-06-14,1.159722,alec-camacho
gocd-configuration,2016-06-13,0.026389,carlos-lester
gocd-configuration,2016-06-10,67.848611,joslyn-nixon
gocd-configuration,2016-06-10,0.568056,joslyn-nixon
gocd-configuration,2016-06-09,0.752500,alec-camacho
gocd-configuration,2016-06-01,1.190000,elian-stuart
gocd-configuration,2016-06-01,0.375833,alec-camacho
gocd-configuration,2016-05-25,0.030000,dashawn-miller
gocd-configuration,2016-05-25,0.606111,dashawn-miller
gocd-configuration,2016-05-25,0.131667,selah-dunlap
gocd-configuration,2015-09-15,239.101111,campbell-tanner
gocd-configuration,2015-09-11,0.217778,cierra-valdez
gocd-configuration,2015-09-11,0.076389,justus-shelton
gocd-configuration,2015-09-11,0.535000,carlos-lester
gocd-configuration,2015-09-09,0.009444,cierra-valdez
gocd-configuration,2015-09-09,0.136389,cierra-valdez
gocd-configuration,2015-09-09,1.433056,cierra-valdez
gocd-configuration,2015-09-08,0.140000,justus-shelton
gocd-configuration,2015-09-08,0.322500,justus-shelton
gocd-configuration,2015-08-26,0.280278,dashawn-miller
gocd-configuration,2016-11-30,0.229722,irvin-solis
gocd-configuration,2016-11-30,0.471944,irvin-solis
gocd-configuration,2016-11-30,0.294167,selah-dunlap
gocd-configuration,2016-11-29,0.194722,shane-acosta
gocd-configuration,2016-11-29,0.678889,selah-dunlap
gocd-configuration,2016-11-28,0.173333,selah-dunlap
gocd-configuration,2016-11-25,70.525000,catherine-moreno
gocd-configuration,2016-11-24,18.438333,catherine-moreno
gocd-configuration,2016-11-24,19.269444,vicente-cunningham
gocd-configuration,2016-11-24,0.063889,vicente-cunningham
gocd-configuration,2016-06-30,0.003611,selah-dunlap
gocd-configuration,2016-06-24,0.726667,carlos-lester
gocd-configuration,2016-06-23,0.590833,alena-blankenship
gocd-configuration,2016-06-23,0.079167,alena-blankenship
gocd-configuration,2016-06-20,0.097500,ann-espinoza
gocd-configuration,2016-06-17,0.005833,justus-shelton
gocd-configuration,2016-06-17,0.772222,ann-espinoza
gocd-configuration,2016-06-16,285.121944,elian-stuart
gocd-configuration,2016-06-15,0.255556,demarion-dennis
gocd-configuration,2016-06-15,0.198056,demarion-dennis
gocd-configuration,2016-02-10,0.001111,maxwell-thompson
gocd-configuration,2016-02-08,0.243889,alec-camacho
gocd-configuration,2017-02-14,20.411944,catherine-moreno
gocd-configuration,2017-02-14,1.552778,lyric-woodward
gocd-configuration,2017-02-14,0.296944,lyric-woodward
gocd-configuration,2016-02-08,0.155000,alec-camacho
gocd-configuration,2016-02-01,0.315278,campbell-tanner
gocd-configuration,2016-02-01,19.517222,justus-shelton
gocd-configuration,2017-02-13,0.165833,lyric-woodward
gocd-configuration,2017-02-13,0.005556,selah-dunlap
gocd-configuration,2017-02-13,1.258056,lyric-woodward
gocd-configuration,2016-02-01,0.026944,justus-shelton
gocd-configuration,2017-02-10,0.006389,vicente-cunningham
gocd-configuration,2017-02-10,0.497500,irvin-solis
gocd-configuration,2017-02-10,0.066667,selah-dunlap
gocd-configuration,2016-01-29,0.001667,carlos-lester
gocd-configuration,2016-01-29,0.000833,carlos-lester
gocd-configuration,2016-01-27,0.359722,keagan-bonilla
gocd-configuration,2017-02-10,68.038056,harrison-campos
gocd-configuration,2016-01-27,3.633611,alec-camacho
gocd-configuration,2015-11-24,0.125556,maximus-brady
gocd-configuration,2015-11-18,0.124167,maximus-brady
gocd-configuration,2015-11-13,0.197778,lea-mccarthy
gocd-configuration,2015-11-12,0.053333,maximus-brady
gocd-configuration,2015-11-11,0.455278,maximus-brady
gocd-configuration,2015-11-11,0.257500,lea-mccarthy
gocd-configuration,2015-11-04,0.295833,alexandria-parks
gocd-configuration,2015-10-27,0.813056,rosa-gonzales
gocd-configuration,2015-10-27,2.761667,lea-mccarthy
gocd-configuration,2015-10-22,14.600556,justus-shelton
gocd-configuration,2016-12-12,2.290833,lyric-woodward
gocd-configuration,2016-12-09,67.516111,lyric-woodward
gocd-configuration,2016-12-09,0.392778,lyric-woodward
gocd-configuration,2016-12-06,0.766944,vicente-cunningham
gocd-configuration,2016-12-01,0.004444,selah-dunlap
gocd-configuration,2016-12-01,0.005278,selah-dunlap
gocd-configuration,2016-12-01,3.727500,alena-blankenship
gocd-configuration,2016-11-30,0.074167,irvin-solis
gocd-configuration,2016-11-30,18.733611,selah-dunlap
gocd-configuration,2016-11-30,0.070000,irvin-solis
gocd-configuration,2015-10-14,0.103889,carlos-lester
gocd-configuration,2015-10-08,0.139167,maximus-brady
gocd-configuration,2015-10-08,0.076667,justus-shelton
gocd-configuration,2015-10-08,0.045833,maximus-brady
gocd-configuration,2015-10-02,0.001389,carlos-lester
gocd-configuration,2015-09-30,0.093889,carlos-lester
gocd-configuration,2015-09-21,0.001389,maxwell-thompson
gocd-configuration,2015-09-21,0.001389,maxwell-thompson
gocd-configuration,2015-09-16,0.001944,carlos-lester
gocd-configuration,2015-09-16,0.009444,carlos-lester
gocd-configuration,2017-01-03,0.003611,vicente-cunningham
gocd-configuration,2016-12-30,1.440278,sonia-booth
gocd-configuration,2016-12-29,0.067500,alexandria-parks
gocd-configuration,2016-12-29,0.019167,alexandria-parks
gocd-configuration,2016-12-29,0.046667,alexandria-parks
gocd-configuration,2016-12-29,1.043056,ryan-lin
gocd-configuration,2016-12-22,286.570833,alena-blankenship
gocd-configuration,2016-12-21,0.182778,taniya-sweeney
gocd-configuration,2016-12-20,0.001667,lyric-woodward
gocd-configuration,2016-12-20,0.001944,lyric-woodward
gocd-configuration,2015-04-20,1.168056,justus-shelton
gocd-configuration,2015-04-20,0.004167,carlos-lester
gocd-configuration,2015-04-20,0.001667,carlos-lester
gocd-configuration,2015-04-17,0.492500,justus-shelton
gocd-configuration,2015-04-08,0.498611,justus-shelton
gocd-configuration,2015-04-08,0.024167,carlos-lester
gocd-configuration,2015-03-13,0.741667,kimberly-glass
gocd-configuration,2015-02-25,16.936111,alena-blankenship
gocd-configuration,2015-02-13,0.000833,carlos-lester
gocd-configuration,2015-02-12,1.226944,carlos-lester
gocd-configuration,2016-04-27,0.833889,dashawn-miller
gocd-configuration,2016-04-26,0.430278,selah-dunlap
gocd-configuration,2016-04-26,0.017778,alec-camacho
gocd-configuration,2016-04-22,70.149167,elian-stuart
gocd-configuration,2016-04-08,0.238056,elian-stuart
gocd-configuration,2016-04-06,0.003611,selah-dunlap
gocd-configuration,2016-04-06,0.001111,elian-stuart
gocd-configuration,2016-04-06,0.337500,elian-stuart
gocd-configuration,2016-04-04,0.000833,carlos-lester
gocd-configuration,2016-04-01,0.000833,justus-shelton
gocd-configuration,2017-02-06,0.084444,ryan-lin
gocd-configuration,2017-02-06,0.384167,selah-dunlap
gocd-configuration,2017-02-03,0.075000,ryan-lin
gocd-configuration,2017-02-03,4.738611,ryan-lin
gocd-configuration,2017-02-03,4.146944,parker-hatfield
gocd-configuration,2017-02-02,95.971944,fiona-hoffman
gocd-configuration,2017-02-02,0.304444,selah-dunlap
gocd-configuration,2017-02-01,0.004722,selah-dunlap
gocd-configuration,2017-02-01,0.014722,selah-dunlap
gocd-configuration,2017-02-01,0.218056,lyric-woodward
gocd-configuration,2017-01-12,0.150556,lyric-woodward
gocd-configuration,2017-01-11,0.277222,lea-mccarthy
gocd-configuration,2017-01-11,22.993333,sonia-booth
gocd-configuration,2017-01-11,0.866111,lyric-woodward
gocd-configuration,2017-01-10,0.003056,carlos-lester
gocd-configuration,2017-01-10,0.008333,carlos-lester
gocd-configuration,2017-01-04,0.307778,fiona-hoffman
gocd-configuration,2017-01-04,5.784444,harrison-campos
gocd-configuration,2017-01-03,0.002222,lyric-woodward
gocd-configuration,2017-01-03,0.099167,kevin-petersen
gocd-configuration,2016-10-16,0.007500,carlos-lester
gocd-configuration,2016-10-16,0.001667,carlos-lester
gocd-configuration,2016-10-15,0.958889,carlos-lester
gocd-configuration,2016-10-14,0.001944,carlos-lester
gocd-configuration,2016-10-14,0.200833,carlos-lester
gocd-configuration,2016-10-14,0.163333,joslyn-nixon
gocd-configuration,2016-10-13,0.313889,ryan-lin
gocd-configuration,2016-10-13,1.209722,ryan-lin
gocd-configuration,2016-10-10,0.028333,joaquin-harris
gocd-configuration,2016-10-07,167.618056,alena-blankenship
gocd-configuration,2016-10-28,0.001389,carlos-lester
gocd-configuration,2016-10-28,0.013333,carlos-lester
gocd-configuration,2016-10-28,0.454722,justus-shelton
gocd-configuration,2016-10-17,17.768889,cierra-valdez
gocd-configuration,2016-10-17,15.385278,dashawn-miller
gocd-configuration,2016-10-17,0.674167,alena-blankenship
gocd-configuration,2016-10-17,1.776111,aimee-russell
gocd-configuration,2016-10-17,2.860000,cierra-valdez
gocd-configuration,2016-10-17,0.042222,ryan-lin
gocd-configuration,2016-10-16,0.006389,carlos-lester
gocd-configuration,2016-01-18,3.052778,selah-dunlap
gocd-configuration,2016-01-18,0.001111,carlos-lester
gocd-configuration,2016-01-14,0.174167,keagan-bonilla
gocd-configuration,2016-01-13,0.024167,juliet-wang
gocd-configuration,2016-01-13,0.068611,juliet-wang
gocd-configuration,2016-01-12,16.104722,juliet-wang
gocd-configuration,2016-01-07,0.382778,juliet-wang
gocd-configuration,2016-01-05,0.008333,selah-dunlap
gocd-configuration,2016-01-04,0.087500,selah-dunlap
gocd-configuration,2016-01-04,0.244167,selah-dunlap
gocd-configuration,2016-07-14,0.352778,maxwell-thompson
gocd-configuration,2016-07-12,0.019167,carlos-lester
gocd-configuration,2016-07-12,0.089722,carlos-lester
gocd-configuration,2016-07-11,0.015556,taniya-sweeney
gocd-configuration,2016-07-11,0.000833,justus-shelton
gocd-configuration,2016-07-11,0.007500,selah-dunlap
gocd-configuration,2016-07-11,0.586944,selah-dunlap
gocd-configuration,2016-07-10,0.003889,carlos-lester
gocd-configuration,2016-07-08,5.575556,carlos-lester
gocd-configuration,2016-07-08,3.265556,selah-dunlap
gocd-configuration,2016-02-18,20.982222,justus-shelton
gocd-configuration,2016-02-17,0.090000,keagan-bonilla
gocd-configuration,2016-02-16,0.001667,maxwell-thompson
gocd-configuration,2016-02-15,0.035278,hailee-rowe
gocd-configuration,2016-02-15,2.034444,hailee-rowe
gocd-configuration,2016-02-11,0.020556,selah-dunlap
gocd-configuration,2016-02-11,25.335000,keagan-bonilla
gocd-configuration,2016-02-11,0.554444,selah-dunlap
gocd-configuration,2016-02-10,0.001111,maxwell-thompson
gocd-configuration,2016-02-10,0.002778,justus-shelton
gocd-configuration,2015-12-11,0.142778,justus-shelton
gocd-configuration,2015-12-09,0.031389,justus-shelton
gocd-configuration,2015-12-07,0.488889,justus-shelton
gocd-configuration,2015-12-04,0.001667,carlos-lester
gocd-configuration,2015-12-04,0.074444,sonia-booth
gocd-configuration,2015-12-02,0.631389,justus-shelton
gocd-configuration,2015-12-01,0.878333,leila-lewis
gocd-configuration,2015-12-01,0.071389,sonia-booth
gocd-configuration,2015-12-01,1.051389,justus-shelton
gocd-configuration,2015-12-01,0.028611,justus-shelton
gocd-configuration,2014-10-29,0.001667,leila-lewis
gocd-configuration,2016-01-01,64.970000,justus-shelton
gocd-configuration,2015-12-31,0.114722,maximus-brady
gocd-configuration,2015-12-31,0.143889,justus-shelton
gocd-configuration,2015-12-31,0.163611,justus-shelton
gocd-configuration,2015-12-30,0.099444,justus-shelton
gocd-configuration,2015-12-18,0.042500,carlos-lester
gocd-configuration,2015-12-18,0.300278,taniya-sweeney
gocd-configuration,2015-12-16,0.008333,carlos-lester
gocd-configuration,2015-12-15,0.008889,carlos-lester
gocd-configuration,2015-12-15,0.022500,selah-dunlap
gocd-configuration,2016-03-21,3.983333,ann-espinoza
gocd-configuration,2016-03-18,0.011111,kevin-petersen
gocd-configuration,2016-03-18,0.083056,kevin-petersen
gocd-configuration,2016-03-18,0.004722,carlos-lester
gocd-configuration,2016-03-18,0.130000,ann-espinoza
gocd-configuration,2016-03-14,16.082222,selah-dunlap
gocd-configuration,2016-03-14,0.017778,selah-dunlap
gocd-configuration,2016-03-13,0.001111,maxwell-thompson
gocd-configuration,2016-03-13,0.001944,maxwell-thompson
gocd-configuration,2016-03-13,0.001667,maxwell-thompson
gocd-configuration,2016-01-26,20.524167,keagan-bonilla
gocd-configuration,2016-01-25,0.002500,selah-dunlap
gocd-configuration,2016-01-22,0.006667,selah-dunlap
gocd-configuration,2016-01-21,0.001944,selah-dunlap
gocd-configuration,2016-01-21,0.077222,selah-dunlap
gocd-configuration,2016-01-21,0.004167,selah-dunlap
gocd-configuration,2016-01-20,17.163333,selah-dunlap
gocd-configuration,2016-01-20,0.002222,maxwell-thompson
gocd-configuration,2016-01-19,0.021667,sonia-booth
gocd-configuration,2016-01-19,0.189444,selah-dunlap
gocd-configuration,2016-07-08,0.035278,taniya-sweeney
gocd-configuration,2016-07-07,15.414167,taniya-sweeney
gocd-configuration,2016-07-07,0.001667,maxwell-thompson
gocd-configuration,2016-07-06,0.001389,maxwell-thompson
gocd-configuration,2016-07-06,0.002222,maxwell-thompson
gocd-configuration,2016-07-05,40.568333,carlos-lester
gocd-configuration,2016-07-05,333.488056,destinee-monroe
gocd-configuration,2016-07-04,0.001389,maxwell-thompson
gocd-configuration,2016-07-01,0.163889,harrison-campos
gocd-configuration,2016-06-30,0.005000,selah-dunlap
gocd-configuration,2016-09-01,96.473611,harrison-campos
gocd-configuration,2016-08-18,2352.589444,elian-stuart
gocd-configuration,2016-08-17,0.744722,joaquin-harris
gocd-configuration,2016-08-16,2.060556,alec-camacho
gocd-configuration,2016-08-16,1.248889,elian-stuart
gocd-configuration,2016-08-11,0.003889,elian-stuart
gocd-configuration,2016-08-11,97.128333,alec-camacho
gocd-configuration,2016-08-04,0.003333,selah-dunlap
gocd-configuration,2016-08-04,0.060278,alexandria-parks
gocd-configuration,2016-08-01,0.700556,alec-camacho
gocd-configuration,2015-07-21,2761.480556,eleanor-landry
gocd-configuration,2015-06-29,0.109444,lea-mccarthy
gocd-configuration,2015-06-29,1.068611,lea-mccarthy
gocd-configuration,2015-06-22,0.053889,joslyn-nixon
gocd-configuration,2015-06-19,69.350556,joslyn-nixon
gocd-configuration,2015-06-19,0.429444,justus-shelton
gocd-configuration,2015-06-18,17.513889,irvin-solis
gocd-configuration,2015-06-17,2.044722,cierra-valdez
gocd-configuration,2015-06-08,3.573333,lea-mccarthy
gocd-configuration,2015-05-22,0.001944,carlos-lester
gocd-configuration,2015-12-15,0.013333,selah-dunlap
gocd-configuration,2015-12-14,0.007500,carlos-lester
gocd-configuration,2015-12-14,0.045833,selah-dunlap
gocd-configuration,2015-12-14,0.181389,selah-dunlap
gocd-configuration,2015-12-14,0.271111,justus-shelton
gocd-configuration,2015-12-14,0.279722,leila-lewis
gocd-configuration,2015-12-11,66.351667,justus-shelton
gocd-configuration,2015-12-11,0.028056,carlos-lester
gocd-configuration,2015-12-11,0.000556,carlos-lester
gocd-configuration,2015-12-11,2.543889,justus-shelton
gocd-configuration,2017-01-19,1.172778,carson-day
gocd-configuration,2017-01-19,1.882778,alec-camacho
gocd-configuration,2017-01-18,16.857500,irvin-solis
gocd-configuration,2017-01-18,0.115000,vicente-cunningham
gocd-configuration,2017-01-17,22.475278,alec-camacho
gocd-configuration,2017-01-16,41.678333,ryan-lin
gocd-configuration,2017-01-16,1.436389,aidan-young
gocd-configuration,2017-01-13,0.108611,vicente-cunningham
gocd-configuration,2017-01-12,23.219167,fiona-hoffman
gocd-configuration,2017-01-12,0.010556,lyric-woodward
gocd-configuration,2017-02-01,0.881389,fiona-hoffman
gocd-configuration,2017-02-01,0.006111,selah-dunlap
gocd-configuration,2017-01-31,17.043333,fiona-hoffman
gocd-configuration,2017-01-31,19.025000,kolton-raymond
gocd-configuration,2017-01-31,0.005278,selah-dunlap
gocd-configuration,2017-01-30,0.007222,selah-dunlap
gocd-configuration,2017-01-27,0.005833,selah-dunlap
gocd-configuration,2017-01-27,0.028889,lea-mccarthy
gocd-configuration,2017-01-26,0.292222,kolton-raymond
gocd-configuration,2017-01-25,21.043056,kolton-raymond
gocd-configuration,2017-02-08,0.018889,alec-camacho
gocd-configuration,2017-02-07,20.598333,fiona-hoffman
gocd-configuration,2017-02-07,19.044444,vicente-cunningham
gocd-configuration,2017-02-07,0.009167,lyric-woodward
gocd-configuration,2017-02-07,0.978889,ryan-lin
gocd-configuration,2017-02-07,0.005000,selah-dunlap
gocd-configuration,2017-02-07,0.005833,selah-dunlap
gocd-configuration,2017-02-06,0.019167,rosa-gonzales
gocd-configuration,2017-02-06,0.044167,rosa-gonzales
gocd-configuration,2017-02-06,0.035833,alec-camacho
gocd-configuration,2016-03-11,0.666111,kevin-petersen
gocd-configuration,2016-03-10,0.001111,carlos-lester
gocd-configuration,2016-03-08,0.001389,justus-shelton
gocd-configuration,2016-02-26,0.009444,campbell-tanner
gocd-configuration,2016-02-26,1.772500,campbell-tanner
gocd-configuration,2016-02-25,5.050000,campbell-tanner
gocd-configuration,2016-02-19,0.015556,hailee-rowe
gocd-configuration,2016-02-19,0.001667,justus-shelton
gocd-configuration,2016-02-19,0.838611,hailee-rowe
gocd-configuration,2016-02-18,19.061111,hailee-rowe
account-security-service,2015-07-13,18.199722,aydan-shepard
account-security-service,2015-07-13,19.497222,cierra-valdez
account-security-service,2015-07-10,95.486944,justus-shelton
account-security-service,2015-07-09,90.006667,cierra-valdez
account-security-service,2015-07-08,18.609167,justus-shelton
account-security-service,2015-07-08,47.720833,cierra-valdez
account-security-service,2015-07-06,64.299722,irvin-solis
account-security-service,2015-06-22,189.923889,irvin-solis
account-security-service,2016-08-23,0.006667,selah-dunlap
account-security-service,2016-08-23,0.088056,selah-dunlap
account-security-service,2016-08-18,431.580833,elian-stuart
account-security-service,2016-08-17,449.471944,fiona-hoffman
account-security-service,2016-08-16,161.048889,maxwell-thompson
account-security-service,2016-08-16,0.238333,justus-shelton
account-security-service,2016-08-05,266.709167,selah-dunlap
account-security-service,2016-08-03,359.036111,justus-shelton
account-security-service,2016-07-27,0.010000,maxwell-thompson
account-security-service,2016-07-26,0.027778,maxwell-thompson
account-security-service,2016-11-04,72.890000,harrison-campos
account-security-service,2016-10-12,0.015833,selah-dunlap
account-security-service,2016-10-06,290.687500,justus-shelton
account-security-service,2016-10-04,0.698056,justus-shelton
account-security-service,2016-09-12,0.370000,justus-shelton
account-security-service,2016-09-06,668.867500,selah-dunlap
account-security-service,2016-09-06,0.013889,selah-dunlap
account-security-service,2016-09-06,0.447222,selah-dunlap
account-security-service,2016-09-01,102.254444,elian-stuart
account-security-service,2016-08-25,25.410833,maxwell-thompson
account-security-service,2015-08-06,20.652500,justus-shelton
account-security-service,2015-08-06,99.613333,aydan-shepard
account-security-service,2015-08-06,98.834722,irvin-solis
account-security-service,2015-08-04,16.389722,aydan-shepard
account-security-service,2015-08-03,19.931389,justus-shelton
account-security-service,2015-08-03,24.344444,aydan-shepard
account-security-service,2015-07-31,69.286389,cierra-valdez
account-security-service,2015-07-27,3.293889,justus-shelton
account-security-service,2015-07-22,21.682500,justus-shelton
account-security-service,2015-07-17,137.713333,justus-shelton
account-security-service,2016-07-25,3.874722,maxwell-thompson
account-security-service,2016-07-22,0.001667,justus-shelton
account-security-service,2016-07-22,77.496111,maxwell-thompson
account-security-service,2016-07-13,16.823056,justus-shelton
account-security-service,2016-07-13,18.401667,justus-shelton
account-security-service,2016-06-29,123.945833,maxwell-thompson
account-security-service,2016-06-28,239.050000,justus-shelton
account-security-service,2016-06-17,4.011389,justus-shelton
account-security-service,2016-05-06,147.690556,vicente-cunningham
account-security-service,2016-03-11,92.358333,yaritza-fitzgerald
account-security-service,2016-01-08,4.300000,aydan-shepard
account-security-service,2015-11-27,0.361111,justus-shelton
account-security-service,2015-11-17,210.540278,irvin-solis
account-security-service,2015-11-16,0.050278,carlos-lester
account-security-service,2015-09-22,45.611111,irvin-solis
account-security-service,2015-08-18,0.001111,cierra-valdez
account-security-service,2015-08-13,91.193056,cierra-valdez
account-security-service,2015-08-13,0.037500,irvin-solis
account-security-service,2015-08-12,25.591111,aydan-shepard
account-security-service,2015-08-10,1.693056,irvin-solis
account-security-service,2017-02-17,0.004722,lea-mccarthy
account-security-service,2017-02-14,25.519722,lea-mccarthy
account-security-service,2017-02-13,24.390278,quincy-perkins
account-security-service,2017-02-01,6.231944,justus-shelton
account-security-service,2017-01-31,0.051944,quincy-perkins
account-security-service,2017-01-12,95.996944,lyric-woodward
account-security-service,2016-12-23,768.367222,quincy-perkins
account-security-service,2016-12-19,46.401111,lyric-woodward
account-security-service,2016-12-16,0.022222,lyric-woodward
account-security-service,2016-12-15,0.018333,lyric-woodward
account-security-service,2015-07-17,0.142222,justus-shelton
account-security-service,2015-07-17,0.588333,cierra-valdez
account-security-service,2015-07-15,46.535556,cierra-valdez
account-security-service,2015-07-14,0.287778,cierra-valdez
account-security-service,2015-07-14,16.441944,aydan-shepard
account-security-service,2015-07-14,0.391389,justus-shelton
account-security-service,2015-07-14,0.915556,justus-shelton
account-security-service,2015-07-14,1.313333,irvin-solis
account-security-service,2015-07-14,0.320278,cierra-valdez
account-security-service,2015-07-14,0.510556,cierra-valdez
account-security-service,2016-12-12,2.220278,lyric-woodward
account-security-service,2016-12-09,67.541111,lyric-woodward
account-security-service,2016-12-09,0.001944,lyric-woodward
account-security-service,2016-12-01,0.024722,harrison-campos
account-security-service,2016-12-01,191.611389,lyric-woodward
account-security-service,2016-11-28,0.127500,justus-shelton
account-security-service,2016-11-28,191.281667,lyric-woodward
account-security-service,2016-11-25,66.062500,lyric-woodward
account-security-service,2016-11-23,0.460833,yaritza-fitzgerald
account-security-service,2016-11-15,0.356667,yaritza-fitzgerald
infrastructure-deployment,2014-11-13,28.808056,maxwell-thompson
infrastructure-deployment,2016-04-20,137.540833,carlos-lester
infrastructure-deployment,2016-02-26,0.001667,carlos-lester
infrastructure-deployment,2016-02-26,0.792500,carlos-lester
infrastructure-deployment,2016-01-14,0.370556,selah-dunlap
infrastructure-deployment,2016-01-13,0.042500,carlos-lester
infrastructure-deployment,2016-01-05,0.111111,selah-dunlap
infrastructure-deployment,2015-12-01,0.036944,carlos-lester
infrastructure-deployment,2015-11-18,0.001389,carlos-lester
infrastructure-deployment,2015-10-23,3360.337500,carlos-lester
infrastructure-deployment,2015-10-13,2.328889,lea-mccarthy
infrastructure-deployment,2017-02-06,20.062500,lyric-woodward
infrastructure-deployment,2017-02-03,0.777778,lyric-woodward
infrastructure-deployment,2017-02-01,46.285278,lyric-woodward
infrastructure-deployment,2017-01-18,119.795556,lyric-woodward
infrastructure-deployment,2017-01-18,0.098333,lyric-woodward
infrastructure-deployment,2017-01-16,70.075556,vicente-cunningham
infrastructure-deployment,2017-01-13,75.547778,carlos-lester
infrastructure-deployment,2017-01-05,111.080278,vicente-cunningham
infrastructure-deployment,2017-01-05,0.001389,carlos-lester
infrastructure-deployment,2017-01-05,0.003333,carlos-lester
infrastructure-deployment,2017-02-14,0.074444,carlos-lester
infrastructure-deployment,2017-02-14,27.778056,carlos-lester
infrastructure-deployment,2017-02-14,0.022500,lyric-woodward
infrastructure-deployment,2017-02-13,42.600278,vicente-cunningham
infrastructure-deployment,2017-02-13,0.097222,lea-mccarthy
infrastructure-deployment,2017-02-13,0.000833,lyric-woodward
infrastructure-deployment,2017-02-13,0.171667,lyric-woodward
infrastructure-deployment,2017-02-10,0.004167,vicente-cunningham
infrastructure-deployment,2017-02-10,0.375000,vicente-cunningham
infrastructure-deployment,2017-02-08,25.296667,lyric-woodward
infrastructure-deployment,2016-06-17,738.522778,selah-dunlap
infrastructure-deployment,2016-06-10,165.617222,carlos-lester
infrastructure-deployment,2016-05-13,1.114444,selah-dunlap
infrastructure-deployment,2016-05-13,0.001389,carlos-lester
infrastructure-deployment,2016-05-13,0.005833,selah-dunlap
infrastructure-deployment,2016-05-13,0.852222,selah-dunlap
infrastructure-deployment,2016-05-12,0.001111,carlos-lester
infrastructure-deployment,2016-04-26,0.001111,selah-dunlap
infrastructure-deployment,2016-04-26,0.001111,carlos-lester
infrastructure-deployment,2016-04-25,0.001111,maxwell-thompson
infrastructure-deployment,2015-09-08,529.735278,carlos-lester
infrastructure-deployment,2015-08-27,0.568889,carlos-lester
infrastructure-deployment,2015-08-21,123.976111,carlos-lester
infrastructure-deployment,2015-08-19,0.000833,carlos-lester
infrastructure-deployment,2015-05-08,1.095000,carlos-lester
infrastructure-deployment,2015-04-29,3159.344444,carlos-lester
infrastructure-deployment,2015-02-13,70.621944,carlos-lester
infrastructure-deployment,2015-02-11,1538.935278,carlie-snow
infrastructure-deployment,2015-01-06,43.936389,carlos-lester
infrastructure-deployment,2014-12-01,14.178611,carlos-lester
infrastructure-deployment,2016-11-08,1.026111,carlos-lester
infrastructure-deployment,2016-11-08,26.513333,vicente-cunningham
infrastructure-deployment,2016-10-14,0.029167,carlos-lester
infrastructure-deployment,2016-08-04,0.040556,selah-dunlap
infrastructure-deployment,2016-07-27,16.641111,kevin-petersen
infrastructure-deployment,2016-07-06,79.491944,maxwell-thompson
infrastructure-deployment,2016-07-04,0.019444,carlos-lester
infrastructure-deployment,2016-07-04,0.053889,carlos-lester
infrastructure-deployment,2016-07-04,0.000833,maxwell-thompson
infrastructure-deployment,2016-06-30,0.003611,selah-dunlap
infrastructure-deployment,2017-01-04,0.742778,harrison-campos
infrastructure-deployment,2016-12-21,307.463056,carlos-lester
infrastructure-deployment,2016-12-21,0.538611,fiona-hoffman
infrastructure-deployment,2016-12-21,0.076111,lyric-woodward
infrastructure-deployment,2016-12-13,496.635833,justus-shelton
infrastructure-deployment,2016-11-29,1317.361111,selah-dunlap
infrastructure-deployment,2016-11-18,603.619444,vicente-cunningham
infrastructure-deployment,2016-11-17,0.104722,vicente-cunningham
infrastructure-deployment,2016-11-11,2.605000,vicente-cunningham
infrastructure-deployment,2016-11-09,23.961944,vicente-cunningham
account-security-api-v1,2016-01-19,7559.481389,juliet-wang
account-security-api-v1,2015-12-16,18.631111,aydan-shepard
account-security-api-v1,2015-11-27,0.017500,aydan-shepard
account-security-api-v1,2015-11-27,0.002222,justus-shelton
account-security-api-v1,2017-01-12,117.898889,lea-mccarthy
account-security-api-v1,2017-01-12,0.327778,harrison-campos
account-security-api-v1,2017-01-10,16.026667,harrison-campos
account-security-api-v1,2017-01-10,380.683889,quincy-perkins
account-security-api-v1,2016-12-12,551.256667,quincy-perkins
account-security-api-v1,2016-10-07,1318.448333,yaritza-fitzgerald
account-security-api-v1,2016-08-26,3264.449722,justus-shelton
account-security-api-v1,2016-04-12,5545.875278,leila-lewis
account-security-api-v1,2016-03-09,141.319444,yaritza-fitzgerald
account-security-api-v1,2016-03-03,94.785833,justus-shelton
ansible-tower-bootstrap,2015-06-03,46.134444,carlos-lester
ansible-tower-bootstrap,2015-08-12,0.086389,lucy-gates
ansible-tower-bootstrap,2015-08-11,0.001389,carlos-lester
ansible-tower-bootstrap,2015-08-11,0.248333,lucy-gates
ansible-tower-bootstrap,2015-08-10,1.281389,maxwell-thompson
ansible-tower-bootstrap,2015-08-06,117.623333,lucy-gates
ansible-tower-bootstrap,2015-08-06,0.075556,lucy-gates
ansible-tower-bootstrap,2015-08-04,0.027778,lucy-gates
ansible-tower-bootstrap,2015-08-04,0.041944,lucy-gates
ansible-tower-bootstrap,2015-07-30,17.957500,lucy-gates
ansible-tower-bootstrap,2015-07-30,21.540278,lea-mccarthy
ansible-tower-bootstrap,2016-06-22,0.127500,lucy-gates
ansible-tower-bootstrap,2016-06-02,3.870556,lucy-gates
ansible-tower-bootstrap,2016-05-03,2.703056,lucy-gates
ansible-tower-bootstrap,2016-04-25,0.001667,maxwell-thompson
ansible-tower-bootstrap,2016-04-08,0.033611,lucy-gates
ansible-tower-bootstrap,2016-04-07,0.405556,lucy-gates
ansible-tower-bootstrap,2016-03-22,0.001111,justus-shelton
ansible-tower-bootstrap,2016-03-16,0.109722,justus-shelton
ansible-tower-bootstrap,2015-12-23,1.163056,lucy-gates
ansible-tower-bootstrap,2015-12-22,0.109722,selah-dunlap
ansible-tower-bootstrap,2015-12-16,0.110000,elian-stuart
ansible-tower-bootstrap,2015-12-14,0.223889,elian-stuart
ansible-tower-bootstrap,2015-12-04,0.001111,carlos-lester
ansible-tower-bootstrap,2015-12-01,0.001111,carlos-lester
ansible-tower-bootstrap,2015-10-19,0.001111,carlos-lester
ansible-tower-bootstrap,2015-10-15,0.001667,carlos-lester
ansible-tower-bootstrap,2015-09-15,0.001667,carlos-lester
ansible-tower-bootstrap,2015-09-11,0.606111,carlos-lester
ansible-tower-bootstrap,2015-08-21,0.133889,maxwell-thompson
ansible-tower-bootstrap,2015-08-18,1.929444,maxwell-thompson
ansible-tower-bootstrap,2017-02-08,18.682222,lucy-gates
ansible-tower-bootstrap,2017-01-24,0.001389,selah-dunlap
ansible-tower-bootstrap,2017-01-24,0.003333,selah-dunlap
ansible-tower-bootstrap,2017-01-24,0.003056,selah-dunlap
ansible-tower-bootstrap,2017-01-23,0.007778,selah-dunlap
ansible-tower-bootstrap,2017-01-23,0.904444,carlos-lester
ansible-tower-bootstrap,2017-01-18,27.757222,kolton-raymond
ansible-tower-bootstrap,2016-11-14,0.297778,selah-dunlap
ansible-tower-bootstrap,2016-11-04,2.125000,carlos-lester
ansible-tower-bootstrap,2016-06-30,0.001667,maxwell-thompson
ansible-tower-install,2015-07-30,0.128333,lucy-gates
ansible-tower-install,2015-07-30,0.987500,lucy-gates
ansible-tower-install,2015-07-06,0.146667,saniya-morse
ansible-tower-install,2015-11-13,118.601389,carlos-lester
ansible-tower-install,2015-11-12,3.526667,lea-mccarthy
ansible-tower-install,2015-11-11,0.001944,maxwell-thompson
ansible-tower-install,2015-11-11,0.003056,maxwell-thompson
ansible-tower-install,2015-10-01,1033.315833,carlos-lester
ansible-tower-install,2015-08-17,0.011389,lucy-gates
ansible-tower-install,2015-08-12,121.492778,lucy-gates
ansible-tower-install,2015-08-12,0.131111,lucy-gates
ansible-tower-install,2015-07-31,0.106667,lucy-gates
ansible-tower-install,2015-07-30,14.706389,lucy-gates
ansible-tower-install,2016-11-03,0.189167,carlos-lester
ansible-tower-install,2016-11-03,1936.761389,carlos-lester
ansible-tower-install,2016-09-01,0.548889,carlos-lester
ansible-tower-install,2016-07-05,5.022500,maxwell-thompson
ansible-tower-install,2016-07-01,0.010556,lucy-gates
ansible-tower-install,2016-06-02,3.487778,lucy-gates
ansible-tower-install,2016-04-08,0.036944,lucy-gates
ansible-tower-install,2016-04-07,0.038611,lucy-gates
ansible-tower-install,2016-04-05,2177.627222,maxwell-thompson
ansible-tower-install,2015-11-27,0.001667,carlos-lester
api-contract,2015-02-27,0.090833,leila-lewis
api-contract,2015-02-26,1.122222,leila-lewis
api-contract,2015-08-19,3.053056,taniya-sweeney
api-contract,2015-07-21,17.091111,justus-shelton
api-contract,2015-07-21,0.005556,justus-shelton
api-contract,2015-07-21,1.525833,justus-shelton
api-contract,2015-07-01,0.001389,carlos-lester
api-contract,2015-07-01,0.001667,carlos-lester
api-contract,2015-06-16,141.937500,maxwell-thompson
api-contract,2015-06-16,0.002500,maxwell-thompson
api-contract,2015-03-16,190.122500,maxwell-thompson
api-contract,2015-03-12,96.976389,maxwell-thompson
api-contract,2016-12-23,291.076667,harrison-campos
api-contract,2016-12-22,28.743333,ryan-lin
api-contract,2016-05-23,0.000556,justus-shelton
api-contract,2016-05-18,117.523889,justus-shelton
api-contract,2016-03-07,0.071667,leila-lewis
api-contract,2016-03-02,3.646111,leila-lewis
api-contract,2016-01-21,2.733611,hailee-rowe
api-contract,2015-12-11,1.769167,carlos-lester
api-contract,2015-08-20,0.196667,taniya-sweeney
api-contract,2015-08-19,16.934444,taniya-sweeney
api-parent,2015-11-17,0.248056,maxwell-thompson
api-parent,2016-10-16,0.015833,carlos-lester
api-parent,2016-07-09,0.001389,carlos-lester
api-parent,2016-07-07,0.001667,maxwell-thompson
api-parent,2016-07-06,0.002778,maxwell-thompson
api-parent,2016-07-05,0.001944,carlos-lester
api-parent,2016-06-28,0.000833,carlos-lester
api-parent,2016-03-04,0.001389,justus-shelton
api-parent,2016-03-04,0.001389,justus-shelton
api-parent,2015-12-17,0.020833,carlos-lester
api-parent,2015-11-17,0.003889,maxwell-thompson
apigee-ansible-modules,2016-06-24,0.024444,carlos-lester
apigee-ansible-modules,2016-06-24,0.028611,maxwell-thompson
apigee-ansible-modules,2016-06-16,17.923889,maxwell-thompson
apigee-ansible-modules,2017-02-10,65.746944,lyric-woodward
apigee-ansible-modules,2016-11-29,506.601944,quincy-perkins
apigee-ansible-modules,2016-11-28,21.591667,quincy-perkins
apigee-ansible-modules,2016-08-04,0.014167,selah-dunlap
apigee-ansible-modules,2016-08-04,0.003611,selah-dunlap
apigee-ansible-modules,2016-08-04,1.589722,selah-dunlap
apigee-ansible-modules,2016-08-04,1.051944,selah-dunlap
apigee-ansible-modules,2016-07-06,0.023889,selah-dunlap
apigee-ansible-modules,2016-06-24,0.122222,selah-dunlap
apigee-ansible-modules,2016-06-24,0.329722,selah-dunlap
atlas,2016-04-07,25.996111,keagan-bonilla
atlas,2016-04-06,22.887222,maxwell-thompson
atlas,2016-04-04,15.598333,cierra-valdez
atlas,2016-04-04,15.605278,cierra-valdez
atlas,2016-04-01,0.713056,cierra-valdez
atlas,2016-04-01,0.720833,cierra-valdez
atlas,2016-03-31,0.348333,maxwell-thompson
atlas,2016-03-31,0.728889,maxwell-thompson
atlas,2016-03-30,0.010833,aydin-kent
atlas,2016-03-30,0.080556,aydin-kent
atlas,2014-04-24,136.669722,priscilla-briggs
atlas,2014-04-11,267.352778,priscilla-briggs
atlas,2014-04-11,146.312222,priscilla-briggs
atlas,2014-04-08,24048.126944,allen-gallagher
atlas,2014-04-03,0.736667,roberto-french
atlas,2014-04-01,0.009444,allen-gallagher
atlas,2014-03-31,0.153056,leila-lewis
atlas,2014-03-27,31.012500,roberto-french
atlas,2014-03-25,0.004722,ross-jarvis
atlas,2014-03-20,287.505556,allen-gallagher
atlas,2014-09-12,0.002500,carlos-lester
atlas,2014-09-12,0.001111,carlos-lester
atlas,2014-09-12,5.612500,leila-lewis
atlas,2014-09-11,15.146667,carlos-lester
atlas,2014-09-09,0.020000,allen-gallagher
atlas,2014-09-08,0.002500,carlos-lester
atlas,2014-09-08,53.634722,carlos-lester
atlas,2014-09-05,0.002222,carlos-lester
atlas,2014-09-03,0.371389,carlos-lester
atlas,2014-09-03,0.001389,carlos-lester
atlas,2016-07-20,0.048889,carlos-lester
atlas,2016-07-18,0.309444,selah-dunlap
atlas,2016-07-15,4.031389,ryan-lin
atlas,2016-07-15,71.129722,selah-dunlap
atlas,2016-07-04,0.001389,maxwell-thompson
atlas,2016-07-04,0.716667,maxwell-thompson
atlas,2016-06-29,454.578333,joaquin-harris
atlas,2016-05-19,0.006944,selah-dunlap
atlas,2016-05-10,2.011111,selah-dunlap
atlas,2016-05-06,89.479722,carlos-lester
atlas,2014-06-11,0.173889,carlos-lester
atlas,2014-05-29,190.974722,carlos-lester
atlas,2014-05-13,0.239167,priscilla-briggs
atlas,2014-05-12,0.030833,priscilla-briggs
atlas,2014-05-12,0.029722,priscilla-briggs
atlas,2014-05-12,0.464722,priscilla-briggs
atlas,2014-05-07,111.511944,priscilla-briggs
atlas,2014-04-30,0.199722,roberto-french
atlas,2014-04-30,0.267778,roberto-french
atlas,2014-04-25,148.083889,priscilla-briggs
atlas,2014-12-03,0.038611,carlos-lester
atlas,2014-12-01,17.968889,penelope-aguilar
atlas,2014-12-01,0.146111,penelope-aguilar
atlas,2014-12-01,0.003611,carlos-lester
atlas,2014-11-28,70.620000,penelope-aguilar
atlas,2014-11-26,19.026667,carlos-lester
atlas,2014-11-25,19.360278,carlos-lester
atlas,2014-11-21,65.120833,penelope-aguilar
atlas,2014-11-21,0.024167,joslyn-nixon
atlas,2014-11-20,19.290278,penelope-aguilar
atlas,2015-06-01,0.014722,taniya-sweeney
atlas,2015-05-29,0.506111,maxwell-thompson
atlas,2015-05-11,0.003611,carlos-lester
atlas,2015-05-08,5.499167,cierra-valdez
atlas,2015-04-30,0.090833,maxwell-thompson
atlas,2015-04-28,16.806667,maxwell-thompson
atlas,2015-04-27,0.005556,carlos-lester
atlas,2015-04-24,2.910000,carlos-lester
atlas,2015-04-23,2.228056,maxwell-thompson
atlas,2015-04-22,20.784444,maxwell-thompson
atlas,2015-07-27,25.683056,maxwell-thompson
atlas,2015-07-23,0.215000,justus-shelton
atlas,2015-07-15,0.036111,aydan-shepard
atlas,2015-07-09,0.207222,cora-parsons
atlas,2015-07-08,0.709444,leila-lewis
atlas,2015-07-07,0.173333,leila-lewis
atlas,2015-07-07,0.153889,leila-lewis
atlas,2015-07-07,0.043889,carlos-lester
atlas,2015-07-01,0.285556,maxwell-thompson
atlas,2015-06-08,0.498889,carlos-lester
atlas,2015-02-12,13.656389,justus-shelton
atlas,2015-02-12,0.014167,leila-lewis
atlas,2015-02-12,0.107222,leila-lewis
atlas,2015-02-11,831.534167,carlos-lester
atlas,2015-02-11,0.003056,carlos-lester
atlas,2015-02-11,0.010278,leila-lewis
atlas,2015-02-11,0.807500,leila-lewis
atlas,2015-02-10,1.181111,leila-lewis
atlas,2015-02-05,0.019444,leila-lewis
atlas,2015-02-05,0.028889,leila-lewis
atlas,2014-08-13,20.665000,leila-lewis
atlas,2014-08-13,0.144167,leila-lewis
atlas,2014-08-11,27.986389,leila-lewis
atlas,2014-08-05,216.883333,leila-lewis
atlas,2014-08-05,3.197778,leila-lewis
atlas,2014-07-29,0.001389,carlos-lester
atlas,2014-07-28,0.004167,carlos-lester
atlas,2014-07-28,0.001944,carlos-lester
atlas,2014-07-16,810.552500,carlos-lester
atlas,2014-07-16,1.521944,carlos-lester
atlas,2013-10-03,0.493056,priscilla-briggs
atlas,2014-02-26,2.913333,karly-mccarty
atlas,2014-02-19,146.630833,karly-mccarty
atlas,2014-02-03,0.505000,priscilla-briggs
atlas,2014-01-23,193.098333,priscilla-briggs
atlas,2014-01-16,0.285278,justus-shelton
atlas,2014-01-07,0.116667,priscilla-briggs
atlas,2013-12-10,546.566944,maxwell-thompson
atlas,2013-11-20,3677.114722,carlos-lester
atlas,2013-11-13,21.912222,carlos-lester
atlas,2013-11-08,13847.970556,carlos-lester
atlas,2015-02-05,0.040556,leila-lewis
atlas,2015-02-04,0.012778,leila-lewis
atlas,2015-01-29,0.128056,penelope-aguilar
atlas,2015-01-27,980.235000,carlos-lester
atlas,2015-01-20,0.097222,leila-lewis
atlas,2015-01-16,2.643333,leila-lewis
atlas,2015-01-15,17.280556,leila-lewis
atlas,2015-01-13,17326.635278,cierra-valdez
atlas,2015-01-13,27.463611,carlos-lester
atlas,2015-01-12,0.429722,leila-lewis
atlas,2013-10-31,0.123889,aron-scott
atlas,2013-10-25,0.003056,carlos-lester
atlas,2013-10-23,0.055000,carlos-lester
atlas,2013-10-21,224.874444,aron-scott
atlas,2013-10-21,0.004167,carlos-lester
atlas,2013-10-17,1.577778,justus-shelton
atlas,2013-10-11,232.434722,aron-scott
atlas,2013-10-11,0.009444,carlos-lester
atlas,2013-10-11,7.310278,carlos-lester
atlas,2013-10-08,0.268333,joslyn-nixon
atlas,2016-02-04,0.992500,justus-shelton
atlas,2016-01-29,118.346667,justus-shelton
atlas,2016-01-20,0.001111,carlos-lester
atlas,2016-01-20,0.001389,carlos-lester
atlas,2016-01-04,378.877222,justus-shelton
atlas,2015-12-22,0.581944,alena-blankenship
atlas,2015-11-30,18.633611,cierra-valdez
atlas,2015-11-30,0.218889,cierra-valdez
atlas,2015-10-19,22.653056,leila-lewis
atlas,2015-10-06,19.134722,carlos-lester
atlas,2016-03-29,0.760278,aydin-kent
atlas,2016-03-29,0.084444,aydin-kent
atlas,2016-03-21,191.820556,aydin-kent
atlas,2016-03-01,0.001111,maxwell-thompson
atlas,2016-03-01,0.442778,maxwell-thompson
atlas,2016-02-18,21.474444,justus-shelton
atlas,2016-02-18,21.495833,justus-shelton
atlas,2016-02-17,0.026111,aydin-kent
atlas,2016-02-17,7875.106944,carlos-lester
atlas,2016-02-12,123.533611,aydin-kent
atlas,2015-04-14,0.126667,allen-gallagher
atlas,2015-04-08,0.011944,leila-lewis
atlas,2015-03-10,0.015833,carlos-lester
atlas,2015-03-10,0.001389,carlos-lester
atlas,2015-03-10,0.001667,carlos-lester
atlas,2015-03-04,0.003056,carlos-lester
atlas,2015-03-02,0.018889,leila-lewis
atlas,2015-02-20,63.346944,emely-sanders
atlas,2015-02-16,0.429722,leila-lewis
atlas,2015-02-13,0.014167,taniya-sweeney
atlas,2017-01-17,42.778611,bryant-black
atlas,2016-09-23,65.151667,justus-shelton
atlas,2016-09-23,65.155556,justus-shelton
atlas,2016-07-29,0.001111,selah-dunlap
atlas,2016-07-28,0.003056,selah-dunlap
atlas,2016-07-28,0.002778,selah-dunlap
atlas,2016-07-27,0.001389,selah-dunlap
atlas,2016-07-27,0.183889,selah-dunlap
atlas,2016-07-27,0.445278,selah-dunlap
atlas,2016-07-20,0.036944,selah-dunlap
atlas,2014-09-03,0.239167,carlos-lester
atlas,2014-09-02,23.811111,leila-lewis
atlas,2014-08-27,168.010556,carlos-lester
atlas,2014-08-21,123.277222,carlos-lester
atlas,2014-08-21,124.213889,carlos-lester
atlas,2014-08-20,0.045000,carlos-lester
atlas,2014-08-20,1.227222,carlos-lester
atlas,2014-08-20,0.008333,carlos-lester
atlas,2014-08-19,0.002222,carlos-lester
atlas,2014-08-14,0.106667,leila-lewis
atlas,2016-05-06,3.464167,cierra-valdez
atlas,2016-05-06,0.010556,cierra-valdez
atlas,2016-05-05,19.708889,cierra-valdez
atlas,2016-05-05,0.301667,cierra-valdez
atlas,2016-05-05,1.908611,cierra-valdez
atlas,2016-05-04,0.001944,maxwell-thompson
atlas,2016-05-04,0.570556,maxwell-thompson
atlas,2016-04-27,0.006389,carlos-lester
atlas,2016-04-25,17.093056,alec-camacho
atlas,2016-04-07,0.061667,maxwell-thompson
atlas,2014-11-19,1.941944,carlos-lester
atlas,2014-11-18,18.386111,carlos-lester
atlas,2014-11-14,0.002500,carlos-lester
atlas,2014-11-12,0.001944,carlos-lester
atlas,2014-11-11,0.006111,carlos-lester
atlas,2014-10-30,290.277778,averie-lucero
atlas,2014-10-29,1.306111,averie-lucero
atlas,2014-10-27,0.004444,carlos-lester
atlas,2014-10-17,70.605833,leila-lewis
atlas,2014-10-17,0.485556,leila-lewis
atlas,2015-09-22,5109.227778,sonia-booth
atlas,2015-09-22,0.385000,cierra-valdez
atlas,2015-09-21,2.809167,justus-shelton
atlas,2015-09-21,3.988056,leila-lewis
atlas,2015-08-05,0.003333,carlos-lester
atlas,2015-08-04,20.004444,maxwell-thompson
atlas,2015-08-04,0.000833,carlos-lester
atlas,2015-07-31,0.335556,maxwell-thompson
atlas,2015-07-30,0.619444,maxwell-thompson
atlas,2015-07-28,6545.843333,lea-mccarthy
atlas,2014-12-23,142.567778,penelope-aguilar
atlas,2014-12-17,2.380278,penelope-aguilar
atlas,2014-12-16,13.172778,penelope-aguilar
atlas,2014-12-16,0.025278,penelope-aguilar
atlas,2014-12-12,1.364444,lea-mccarthy
atlas,2014-12-11,0.026389,penelope-aguilar
atlas,2014-12-09,3326.812778,cierra-valdez
atlas,2014-12-09,3326.980278,cierra-valdez
atlas,2014-12-09,0.017778,leila-lewis
atlas,2014-12-09,0.003333,carlos-lester
atlas,2015-01-12,2.478889,leila-lewis
atlas,2015-01-12,0.002222,carlos-lester
atlas,2015-01-09,1.660833,justus-shelton
atlas,2015-01-08,0.726389,justus-shelton
atlas,2015-01-06,46.732222,leila-lewis
atlas,2014-12-31,0.603611,carlos-lester
atlas,2014-12-31,174.419167,carlos-lester
atlas,2014-12-30,0.001111,carlos-lester
atlas,2014-12-30,0.005833,penelope-aguilar
atlas,2014-12-30,0.022222,penelope-aguilar
atlas,2014-07-14,0.002778,carlos-lester
atlas,2014-07-11,66.965833,carlos-lester
atlas,2014-07-11,0.349444,priscilla-briggs
atlas,2014-07-03,0.001389,carlos-lester
atlas,2014-07-02,0.578333,carlos-lester
atlas,2014-06-25,0.123056,carlos-lester
atlas,2014-06-25,146.021111,carlos-lester
atlas,2014-06-18,24.010278,carlos-lester
atlas,2014-06-13,0.007500,carlos-lester
atlas,2014-06-12,0.020833,carlos-lester
atlas,2014-10-17,0.012778,leila-lewis
atlas,2014-10-17,0.022500,leila-lewis
atlas,2014-10-17,0.035833,leila-lewis
atlas,2014-10-17,0.105000,leila-lewis
atlas,2014-10-17,0.021944,leila-lewis
atlas,2014-10-17,0.018333,leila-lewis
atlas,2014-10-16,0.021667,carlos-lester
atlas,2014-10-13,0.691944,leila-lewis
atlas,2014-09-16,163.465000,carlos-lester
atlas,2014-09-16,0.346389,carlos-lester
atlas-service-deployment-role,2015-03-03,15.888889,lucy-gates
atlas-service-deployment-role,2015-02-27,1.519722,lucy-gates
atlas-service-deployment-role,2015-02-24,22.635833,lucy-gates
atlas-service-deployment-role,2015-02-13,0.307222,carlos-lester
atlas-service-deployment-role,2015-02-13,0.035000,lucy-gates
atlas-service-deployment-role,2016-06-01,15.911389,selah-dunlap
atlas-service-deployment-role,2016-05-05,16.925556,maxwell-thompson
atlas-service-deployment-role,2016-04-08,0.000833,carlos-lester
atlas-service-deployment-role,2016-04-08,113.874167,carlos-lester
atlas-service-deployment-role,2016-03-12,0.001667,carlos-lester
atlas-service-deployment-role,2016-03-11,1.147222,carlos-lester
atlas-service-deployment-role,2016-03-11,0.310278,carlos-lester
atlas-service-deployment-role,2016-03-09,0.033611,justus-shelton
atlas-service-deployment-role,2016-03-03,91.619167,justus-shelton
atlas-service-deployment-role,2016-03-02,52.411389,justus-shelton
atlas-service-deployment-role,2017-02-17,1.777222,selah-dunlap
atlas-service-deployment-role,2016-11-14,68.420556,justus-shelton
atlas-service-deployment-role,2016-09-30,2.470833,carlos-lester
atlas-service-deployment-role,2016-09-30,0.649444,carlos-lester
atlas-service-deployment-role,2016-09-29,0.467500,carlos-lester
atlas-service-deployment-role,2016-07-05,0.038333,carlos-lester
atlas-service-deployment-role,2016-06-06,0.025278,justus-shelton
atlas-service-deployment-role,2016-06-03,0.005833,selah-dunlap
atlas-service-deployment-role,2016-06-03,0.003333,selah-dunlap
atlas-service-deployment-role,2016-06-03,0.471389,justus-shelton
atlas-service-deployment-role,2016-01-15,0.034722,justus-shelton
atlas-service-deployment-role,2015-12-22,142.117500,justus-shelton
atlas-service-deployment-role,2015-12-10,17.509722,justus-shelton
atlas-service-deployment-role,2015-12-03,0.020556,carlos-lester
atlas-service-deployment-role,2015-10-26,0.062222,carlos-lester
atlas-service-deployment-role,2015-10-21,119.500556,carlos-lester
atlas-service-deployment-role,2015-10-15,2.889722,carlos-lester
atlas-service-deployment-role,2015-09-29,1.790000,leila-lewis
atlas-service-deployment-role,2015-09-17,0.001667,carlos-lester
atlas-service-deployment-role,2015-09-04,0.517778,maxwell-thompson
atlas-service-deployment-role,2015-08-12,119.714167,carlos-lester
atlas-service-deployment-role,2015-08-10,0.025833,maxwell-thompson
atlas-service-deployment-role,2015-07-29,18.205000,lea-mccarthy
atlas-service-deployment-role,2015-06-01,0.001389,carlos-lester
atlas-service-deployment-role,2015-06-01,1.377222,carlos-lester
atlas-service-deployment-role,2015-05-22,86.360000,carlos-lester
atlas-service-deployment-role,2015-04-29,171.041944,taniya-sweeney
atlas-service-deployment-role,2015-04-10,0.075556,carlos-lester
atlas-service-deployment-role,2015-03-19,0.001111,carlos-lester
atlas-service-deployment-role,2015-03-11,0.453056,carlos-lester
atlas-service-base-docker-image,2016-06-10,0.000833,maxwell-thompson
atlas-service-base-docker-image,2016-06-10,0.001389,maxwell-thompson
atlas-service-base-docker-image,2016-06-10,0.009444,maxwell-thompson
atlas-service-base-docker-image,2016-05-18,0.001111,maxwell-thompson
atlas-service-base-docker-image,2016-05-18,0.002500,maxwell-thompson
atlas-service-base-docker-image,2016-05-17,18.289444,maxwell-thompson
atlas-service-base-docker-image,2016-05-06,0.003056,maxwell-thompson
atlas-service-base-docker-image,2016-05-06,0.003889,maxwell-thompson
atlas-service-base-docker-image,2016-05-05,18.778333,maxwell-thompson
atlas-service-base-docker-image,2016-03-29,0.011111,maxwell-thompson
atlas-service-base-docker-image,2016-03-29,0.003056,maxwell-thompson
atlas-service-base-docker-image,2016-03-29,0.808889,maxwell-thompson
atlas-service-base-docker-image,2016-03-21,71.928611,elian-stuart
atlas-service-base-docker-image,2015-09-29,1.732500,leila-lewis
atlas-service-base-docker-image,2016-12-19,46.575556,lyric-woodward
atlas-service-base-docker-image,2016-12-01,2.473611,lyric-woodward
atlas-service-base-docker-image,2016-11-24,0.002778,carlos-lester
atlas-service-base-docker-image,2016-11-23,0.001111,carlos-lester
atlas-service-base-docker-image,2016-11-22,25.580833,lyric-woodward
atlas-service-base-docker-image,2016-10-03,0.073889,lucy-gates
atlas-service-base-docker-image,2016-10-03,0.088611,lucy-gates
atlas-service-base-docker-image,2016-10-03,0.004167,carlos-lester
atlas-service-base-docker-image,2016-10-03,0.002222,carlos-lester
atlas-service-base-docker-image,2016-09-30,0.805000,carlos-lester
auth-api-v1,2016-03-04,0.000556,justus-shelton
auth-api-v1,2016-03-03,22.654722,justus-shelton
auth-api-v1,2016-03-03,24.791944,justus-shelton
auth-api-v1,2015-11-17,0.001389,maxwell-thompson
auth-api-v1,2016-10-27,97.428889,carlos-lester
auth-api-v1,2016-10-03,0.925000,joaquin-harris
auth-api-v1,2016-07-09,0.001389,carlos-lester
auth-api-v1,2016-07-08,4347.370278,carlos-lester
auth-api-v1,2016-07-05,0.001667,carlos-lester
auth-api-v1,2016-07-05,0.001111,carlos-lester
auth-api-v1,2016-06-17,69.762222,cierra-valdez
auth-api-v1,2016-06-16,1.449167,cierra-valdez
auth-api-v1,2016-04-25,1707.380833,carlos-lester
auth-api-v1,2016-03-04,0.001389,justus-shelton
developer-osx,2015-05-14,8.256111,carlos-lester
developer-osx,2015-05-13,14.835278,carlos-lester
developer-osx,2015-05-12,0.030556,carlos-lester
developer-osx,2015-05-12,0.138333,justus-shelton
developer-osx,2015-05-11,0.003056,carlos-lester
developer-osx,2015-04-15,9.090278,carlos-lester
developer-osx,2015-12-03,0.001111,carlos-lester
developer-osx,2015-11-27,0.003333,carlos-lester
developer-osx,2015-11-27,0.001389,maxwell-thompson
developer-osx,2015-11-26,22.452500,carlos-lester
developer-osx,2015-11-26,0.001111,carlos-lester
developer-osx,2015-10-21,14.211944,justus-shelton
developer-osx,2015-10-13,162.761389,alexandria-parks
developer-osx,2015-07-02,0.208611,aydan-shepard
developer-osx,2015-07-01,0.020556,aydan-shepard
developer-osx,2015-05-18,0.018333,carlos-lester
developer-osx,2016-05-18,0.010278,carlos-lester
developer-osx,2016-04-25,0.001389,maxwell-thompson
developer-osx,2016-04-19,42.045278,maxwell-thompson
developer-osx,2016-03-08,0.001667,maxwell-thompson
developer-osx,2016-03-01,410.366944,justus-shelton
developer-osx,2016-02-12,0.360833,leila-lewis
developer-osx,2016-01-21,0.151667,harrison-campos
developer-osx,2016-01-12,0.686667,vicente-cunningham
developer-osx,2015-12-17,0.126667,maxwell-thompson
developer-osx,2015-12-14,3742.869722,lea-mccarthy
developer-osx,2017-02-09,23.226667,lyric-woodward
developer-osx,2017-02-06,0.199167,vicente-cunningham
developer-osx,2017-01-18,0.043889,vicente-cunningham
developer-osx,2017-01-06,0.861667,lea-mccarthy
developer-osx,2016-12-05,47.897778,selah-dunlap
developer-osx,2016-08-15,19.303333,cierra-valdez
developer-osx,2016-06-27,383.936111,elian-stuart
developer-osx,2016-06-27,0.145556,elian-stuart
developer-osx,2016-06-13,0.151667,maxwell-thompson
developer-osx,2016-06-07,2.359167,demarion-dennis
coreplatform-vm,2015-05-13,0.408889,carlos-lester
coreplatform-vm,2015-04-17,0.215278,carlos-lester
coreplatform-vm,2015-03-11,0.103611,alena-blankenship
coreplatform-vm,2015-01-13,0.361111,alena-blankenship
coreplatform-vm,2015-11-06,0.030556,maxwell-thompson
coreplatform-vm,2015-10-08,0.021667,carlos-lester
coreplatform-vm,2015-07-27,22.667778,justus-shelton
coreplatform-vm,2015-05-28,0.893889,carlos-lester
coreplatform-vm,2015-05-21,0.063611,carlos-lester
coreplatform-vm,2015-05-21,0.001667,carlos-lester
coreplatform-vm,2015-05-18,0.001944,carlos-lester
coreplatform-vm,2015-05-18,53.860000,carlos-lester
coreplatform-vm,2015-05-18,0.017222,carlos-lester
coreplatform-vm,2015-05-15,65.473056,carlos-lester
coreplatform-vm,2017-02-08,22.367500,lyric-woodward
coreplatform-vm,2016-12-05,47.903333,selah-dunlap
coreplatform-vm,2016-03-03,102.363611,justus-shelton
coreplatform-vm,2016-03-01,43.656111,justus-shelton
coreplatform-vm,2016-03-01,46.964722,justus-shelton
coreplatform-vm,2015-12-30,337.269722,justus-shelton
coreplatform-vm,2015-12-21,0.007500,carlos-lester
coreplatform-vm,2015-11-26,0.001389,carlos-lester
coreplatform-vm,2015-11-26,0.001667,carlos-lester
coreplatform-vm,2015-11-26,0.001111,carlos-lester
environment-setup,2015-03-19,93.888056,alena-blankenship
environment-setup,2016-07-27,1.600000,ann-espinoza
environment-setup,2016-07-06,0.000833,justus-shelton
environment-setup,2016-05-24,0.053889,justus-shelton
environment-setup,2016-04-19,0.655833,carlos-lester
environment-setup,2016-03-31,1.648333,keagan-bonilla
environment-setup,2016-03-31,0.034444,keagan-bonilla
environment-setup,2016-03-23,0.482778,ann-espinoza
environment-setup,2016-03-14,0.023611,justus-shelton
environment-setup,2016-03-10,0.001389,maxwell-thompson
environment-setup,2016-03-10,0.002500,carlos-lester
environment-setup,2016-03-09,4.067778,maxwell-thompson
environment-setup,2016-03-08,18.589722,maxwell-thompson
environment-setup,2016-03-07,0.000833,maxwell-thompson
environment-setup,2016-03-01,144.525556,justus-shelton
environment-setup,2016-03-01,18.628889,maxwell-thompson
environment-setup,2016-02-24,0.013889,alec-camacho
environment-setup,2016-02-23,17.076944,alec-camacho
environment-setup,2016-02-23,5.066667,maxwell-thompson
environment-setup,2016-02-11,0.210278,keagan-bonilla
environment-setup,2016-02-11,0.013056,kimberly-glass
environment-setup,2016-02-03,26.306667,maxwell-thompson
environment-setup,2016-01-21,0.535833,alexandria-parks
environment-setup,2016-01-20,0.073889,alexandria-parks
environment-setup,2016-01-20,0.021111,alexandria-parks
environment-setup,2016-01-20,0.454167,alexandria-parks
environment-setup,2016-01-19,0.091111,alexandria-parks
environment-setup,2016-01-19,0.016667,alexandria-parks
environment-setup,2016-01-19,15.381944,keagan-bonilla
environment-setup,2015-12-14,0.014444,justus-shelton
environment-setup,2015-12-14,0.168333,carlos-lester
environment-setup,2017-02-02,125.038333,vicente-cunningham
environment-setup,2017-01-10,336.727500,carlos-lester
environment-setup,2016-12-22,0.294722,justus-shelton
environment-setup,2016-12-01,0.620833,alena-blankenship
environment-setup,2016-11-29,0.002500,lyric-woodward
environment-setup,2016-11-29,1.199444,lyric-woodward
environment-setup,2016-11-14,238.293056,justus-shelton
environment-setup,2016-11-11,0.046389,carlos-lester
environment-setup,2016-10-27,0.169722,carlos-lester
environment-setup,2016-08-12,0.128889,alexandria-parks
environment-setup,2015-12-11,2.747222,carlos-lester
environment-setup,2015-11-26,0.002222,carlos-lester
environment-setup,2015-11-04,0.085556,alexandria-parks
environment-setup,2015-08-17,0.007222,aydan-shepard
environment-setup,2015-06-18,0.001111,carlos-lester
environment-setup,2015-06-03,0.001667,carlos-lester
environment-setup,2015-05-29,0.035000,maxwell-thompson
environment-setup,2015-05-27,0.051944,carlos-lester
environment-setup,2015-05-21,285.864444,maxwell-thompson
environment-setup,2015-05-07,0.059167,alena-blankenship
platform-workstream,2015-06-04,455.374722,maxwell-thompson
platform-workstream,2015-03-05,16.553611,maxwell-thompson
platform-workstream,2015-02-24,667.786944,leila-lewis
platform-workstream,2015-02-23,45.546389,leila-lewis
platform-workstream,2015-01-28,1.965000,taniya-sweeney
platform-workstream,2015-01-26,0.027778,carlos-lester
platform-workstream,2016-07-11,0.807222,maxwell-thompson
platform-workstream,2016-07-11,0.003333,selah-dunlap
platform-workstream,2016-07-11,0.693333,selah-dunlap
platform-workstream,2016-07-11,0.001111,carlos-lester
platform-workstream,2016-07-10,0.001667,carlos-lester
platform-workstream,2016-07-08,32.845278,carlos-lester
platform-workstream,2016-07-08,0.002778,carlos-lester
platform-workstream,2016-07-08,6.558611,carlos-lester
platform-workstream,2016-07-05,0.001389,carlos-lester
platform-workstream,2016-07-05,0.014167,carlos-lester
platform-workstream,2016-11-24,0.021944,justus-shelton
platform-workstream,2016-11-17,0.031389,carlos-lester
platform-workstream,2016-11-16,0.152778,carlos-lester
platform-workstream,2016-11-14,238.305833,justus-shelton
platform-workstream,2016-11-04,0.346389,carlos-lester
platform-workstream,2016-11-03,0.002778,carlos-lester
platform-workstream,2016-11-01,0.001111,carlos-lester
platform-workstream,2016-10-24,174.437500,carlos-lester
platform-workstream,2016-10-04,0.328889,joaquin-harris
platform-workstream,2016-09-08,0.045000,selah-dunlap
platform-workstream,2017-02-10,0.123611,irvin-solis
platform-workstream,2017-02-02,99.902500,vicente-cunningham
platform-workstream,2017-01-06,2.100000,harrison-campos
platform-workstream,2017-01-05,0.000833,harrison-campos
platform-workstream,2017-01-05,0.010278,harrison-campos
platform-workstream,2017-01-04,0.001111,harrison-campos
platform-workstream,2017-01-04,1.038889,harrison-campos
platform-workstream,2016-12-19,46.567500,lyric-woodward
platform-workstream,2016-12-19,3.495833,carlos-lester
platform-workstream,2016-12-02,4.583889,carlos-lester
platform-workstream,2016-06-24,274.891944,carlos-lester
platform-workstream,2016-04-15,0.060833,dashawn-miller
platform-workstream,2016-03-15,0.005556,selah-dunlap
platform-workstream,2016-03-14,16.150278,selah-dunlap
platform-workstream,2016-03-10,0.001944,maxwell-thompson
platform-workstream,2016-03-07,0.000833,maxwell-thompson
platform-workstream,2015-08-19,3649.223056,carlos-lester
platform-workstream,2015-08-13,24.118889,maxwell-thompson
platform-workstream,2015-07-06,17.681944,taniya-sweeney
platform-workstream,2015-06-23,987.398889,maxwell-thompson
platform-workstream,2016-08-05,0.001111,maxwell-thompson
platform-workstream,2016-07-26,0.001389,maxwell-thompson
platform-workstream,2016-07-25,0.001944,maxwell-thompson
platform-workstream,2016-07-24,0.001389,carlos-lester
platform-workstream,2016-07-19,1.031944,carlos-lester
platform-workstream,2016-07-19,0.001111,maxwell-thompson
platform-workstream,2016-07-15,0.160278,carlos-lester
platform-workstream,2016-07-15,100.469722,maxwell-thompson
platform-workstream,2016-07-14,1.690833,maxwell-thompson
platform-workstream,2016-07-12,0.006111,selah-dunlap
coreplatform,2016-05-09,0.328056,yaritza-fitzgerald
coreplatform,2016-05-06,4.553333,carlos-lester
coreplatform,2016-05-03,0.014167,keagan-bonilla
coreplatform,2016-04-29,0.005833,keagan-bonilla
coreplatform,2016-04-28,0.064722,hailee-rowe
coreplatform,2016-04-28,23.178611,keagan-bonilla
coreplatform,2016-04-25,0.457222,ann-espinoza
coreplatform,2016-04-21,0.115833,keagan-bonilla
coreplatform,2016-04-18,24.643333,kimberly-glass
coreplatform,2016-04-14,0.033889,selah-dunlap
coreplatform,2015-02-27,63.273611,carlos-lester
coreplatform,2015-02-25,8.931389,carlos-lester
coreplatform,2015-02-18,145.464444,carlos-lester
coreplatform,2015-02-04,0.015000,allen-gallagher
coreplatform,2014-12-16,0.132778,carlos-lester
coreplatform,2014-12-10,24.316944,maxwell-thompson
coreplatform,2014-11-10,0.015556,maxwell-thompson
coreplatform,2014-10-23,0.018611,carlos-lester
coreplatform,2014-10-23,0.024444,carlos-lester
coreplatform,2016-07-22,0.321944,sonia-booth
coreplatform,2016-07-15,0.262500,carlos-lester
coreplatform,2016-07-12,0.004167,selah-dunlap
coreplatform,2016-07-12,0.001667,carlos-lester
coreplatform,2016-07-09,0.001944,carlos-lester
coreplatform,2016-07-07,0.181111,keagan-bonilla
coreplatform,2016-07-05,17.896389,hailee-rowe
coreplatform,2016-07-01,65.572778,harrison-campos
coreplatform,2016-06-29,163.775000,carlos-lester
coreplatform,2016-06-27,0.053056,ann-espinoza
coreplatform,2015-11-04,47.740278,alexandria-parks
coreplatform,2015-10-21,286.900556,sonia-booth
coreplatform,2015-10-20,16.031111,sonia-booth
coreplatform,2015-10-16,0.012222,sonia-booth
coreplatform,2015-10-16,5.309444,sonia-booth
coreplatform,2015-10-15,5.104444,sonia-booth
coreplatform,2015-10-08,0.057778,taniya-sweeney
coreplatform,2015-10-05,0.323611,dashawn-miller
coreplatform,2015-09-25,0.195000,sonia-booth
coreplatform,2015-09-23,6572.776111,alena-blankenship
coreplatform,2015-07-02,0.362778,maxwell-thompson
coreplatform,2015-06-22,0.001389,carlos-lester
coreplatform,2015-06-19,0.001111,carlos-lester
coreplatform,2015-06-17,1.199167,carlos-lester
coreplatform,2015-05-22,2.226944,carlos-lester
coreplatform,2015-05-14,3.786667,alena-blankenship
coreplatform,2015-05-13,5.290833,alena-blankenship
coreplatform,2015-05-12,16.418611,justus-shelton
coreplatform,2015-03-05,0.032778,maxwell-thompson
coreplatform,2015-03-04,6.042500,carlos-lester
coreplatform,2016-03-03,98.091389,justus-shelton
coreplatform,2016-02-29,0.043611,carlos-lester
coreplatform,2016-02-26,64.265833,alexandria-parks
coreplatform,2016-02-25,0.028889,alec-camacho
coreplatform,2016-02-25,0.860556,sonia-booth
coreplatform,2016-02-24,0.001389,maxwell-thompson
coreplatform,2016-02-23,0.020278,felicity-greene
coreplatform,2016-02-23,0.226667,alexandria-parks
coreplatform,2016-02-22,16.941389,taniya-sweeney
coreplatform,2016-02-22,0.696667,alexandria-parks
coreplatform,2016-10-07,150.210000,alena-blankenship
coreplatform,2016-10-07,1.429722,dashawn-miller
coreplatform,2016-10-06,21.709167,campbell-tanner
coreplatform,2016-10-06,0.099722,dashawn-miller
coreplatform,2016-10-04,19.211944,dashawn-miller
coreplatform,2016-10-04,0.503333,dashawn-miller
coreplatform,2016-10-04,0.524444,dashawn-miller
coreplatform,2016-10-03,17.621667,mylie-greer
coreplatform,2016-09-30,671.403611,carlos-lester
coreplatform,2016-09-06,4.339444,harrison-campos
coreplatform,2016-12-21,0.058889,carlos-lester
coreplatform,2016-12-21,1.789444,carlos-lester
coreplatform,2016-12-02,0.002500,carlos-lester
coreplatform,2016-11-29,78.266389,carlos-lester
coreplatform,2016-11-11,0.020556,carlos-lester
coreplatform,2016-11-11,481.241667,carlos-lester
coreplatform,2016-11-04,0.001389,carlos-lester
coreplatform,2016-10-28,171.379167,carlos-lester
coreplatform,2016-10-25,0.244444,carlos-lester
coreplatform,2016-10-14,500.392500,carlos-lester
coreplatform,2015-09-09,0.076111,justus-shelton
coreplatform,2015-09-08,0.031667,dashawn-miller
coreplatform,2015-08-26,11.180833,dashawn-miller
coreplatform,2015-08-19,16.352500,irvin-solis
coreplatform,2015-08-19,0.032500,irvin-solis
coreplatform,2015-08-18,0.002500,carlos-lester
coreplatform,2015-08-17,0.019722,aydan-shepard
coreplatform,2015-08-06,0.020833,carlos-lester
coreplatform,2015-08-06,0.640000,carlos-lester
coreplatform,2015-08-06,0.755556,carlos-lester
coreplatform,2016-06-16,24.209444,keagan-bonilla
coreplatform,2016-06-14,1.523056,keagan-bonilla
coreplatform,2016-06-03,0.056389,justus-shelton
coreplatform,2016-05-27,0.555278,yaritza-fitzgerald
coreplatform,2016-05-26,0.001944,maxwell-thompson
coreplatform,2016-05-26,20.706944,campbell-tanner
coreplatform,2016-05-24,23.532500,jerry-chandler
coreplatform,2016-05-20,0.059444,selah-dunlap
coreplatform,2016-05-17,1.601111,selah-dunlap
coreplatform,2016-05-11,22.107500,harrison-campos
coreplatform,2016-03-13,0.002778,maxwell-thompson
coreplatform,2016-03-12,0.001944,carlos-lester
coreplatform,2016-03-10,0.001389,maxwell-thompson
coreplatform,2016-03-09,23.558333,maxwell-thompson
coreplatform,2016-03-08,0.002778,maxwell-thompson
coreplatform,2016-03-07,0.013611,justus-shelton
coreplatform,2016-03-07,0.001389,maxwell-thompson
coreplatform,2016-03-07,1.113333,maxwell-thompson
coreplatform,2016-03-05,0.003056,carlos-lester
coreplatform,2016-03-04,65.100000,joslyn-nixon
coreplatform,2016-09-06,0.610556,harrison-campos
coreplatform,2016-09-01,96.501111,harrison-campos
coreplatform,2016-08-09,0.048611,sonia-booth
coreplatform,2016-08-08,0.041111,sonia-booth
coreplatform,2016-08-04,0.059444,sonia-booth
coreplatform,2016-08-02,19.378611,elliana-bowman
coreplatform,2016-08-01,68.774444,sonia-booth
coreplatform,2016-07-28,2.147778,joslyn-nixon
coreplatform,2016-07-27,25.070556,ann-espinoza
coreplatform,2016-07-25,0.034722,keagan-bonilla
coreplatform,2016-01-22,0.013333,justus-shelton
coreplatform,2016-01-21,0.044722,keagan-bonilla
coreplatform,2016-01-21,19.491111,vicente-cunningham
coreplatform,2016-01-20,0.001111,carlos-lester
coreplatform,2016-01-20,0.056111,keagan-bonilla
coreplatform,2016-01-13,118.408333,keagan-bonilla
coreplatform,2016-01-05,0.045833,dashawn-miller
coreplatform,2015-12-14,0.913056,taniya-sweeney
coreplatform,2015-12-14,0.037778,elian-stuart
coreplatform,2015-12-11,0.589444,taniya-sweeney
coreplatform,2016-04-14,0.001389,selah-dunlap
coreplatform,2016-04-14,0.003333,selah-dunlap
coreplatform,2016-04-13,22.550833,selah-dunlap
coreplatform,2016-04-08,139.463333,joslyn-nixon
coreplatform,2016-04-01,0.001944,justus-shelton
coreplatform,2016-03-31,16.615278,keagan-bonilla
coreplatform,2016-03-23,0.028889,ann-espinoza
coreplatform,2016-03-21,46.944444,ann-espinoza
coreplatform,2016-03-15,0.001389,justus-shelton
coreplatform,2016-03-14,16.094722,selah-dunlap
coreplatform,2015-12-01,8737.652222,alexandria-parks
coreplatform,2015-11-24,0.053611,maximus-brady
coreplatform,2015-11-19,0.092500,dashawn-miller
coreplatform,2015-11-19,0.001111,carlos-lester
coreplatform,2015-11-19,0.460556,carlos-lester
coreplatform,2015-11-19,0.044444,carlos-lester
coreplatform,2015-11-19,9.978611,dashawn-miller
coreplatform,2015-11-18,5.940000,dashawn-miller
coreplatform,2015-11-18,2.978056,dashawn-miller
coreplatform,2015-11-16,0.002500,maxwell-thompson
coreplatform,2016-02-17,0.001944,carlos-lester
coreplatform,2016-02-15,48.121389,keagan-bonilla
coreplatform,2016-02-15,0.028333,carlos-lester
coreplatform,2016-02-11,2.560833,campbell-tanner
coreplatform,2016-02-10,0.001667,maxwell-thompson
coreplatform,2016-02-05,0.001944,carlos-lester
coreplatform,2016-02-03,0.177778,carlos-lester
coreplatform,2016-02-03,1.245278,sonia-booth
coreplatform,2016-02-01,0.028333,sonia-booth
coreplatform,2016-01-25,7418.688333,carlos-lester
